[
  {
    "number": "ALT 98.0",
    "name": "TuneInApp",
    "streamURL": "https://7640-59-89-253-135.ngrok-free.app/api/stream/",
    "imageURL": "https://cdn-images.audioaddict.com/e/8/b/6/f/5/e8b6f5258a60a9a11495ecbc1d1bc881.png?size=300x300",
    "desc": "Classic Rock Hits",
    "location" : "Alternative, New York",
    "listener" : "50 Listener",
    "isPlay": false,
    "longDesc": "Classic rock is a radio format which developed from the album-oriented rock (AOR) format in the early 1980s. In the United States, the classic rock format features music ranging generally from the late 1960s to the late 1980s, primarily focusing on commercially successful hard rock popularized in the 1970s. The radio format became increasingly popular with the baby boomer demographic by the end of the 1990s."
  }
]
